{
    "devtools_port": 9090,
    "licenseKey": "5e87d7ca-bc78-4180-9497-c56687f4b238",
    "platform": {
        "name": "BidFX LOCAL",
        "backgroundColor": "#363940",
        "providerUrl": "http://localhost:3000/index.html",
        "uuid": "BidFX LOCAL",
        "autoShow": false,
        "defaultCentered": true,
        "defaultWidth": 350,
        "defaultHeight": 500,
        "maximizable": false,
        "minimizable": false,
        "resizable": false,
        "shadow": false,
        "frame": false,
        "plugins": true,
        "saveWindowState": false,
        "customData": {
            "appName": "bidfx-core",
            "persist": false,
            "persistPosition": false,
            "snap": false,
            "title": "BidFX - Core"
        },
        "permissions": {
            "System": {
                "launchExternalProcess": true
            }
        }
    },
    "startup_app": null,
    "runtime": {
        "arguments": "--remote-debugging-port=9666 --enable-mesh",
        "version": "20.91.61.14",
        "fallbackVersion": "18.87.55.19"
        
    },
    "appAssets":[
        {
            "alias": "central-native",
            "version": "0.0.1",
            "src": "https//localhost:3000/openfin/central-native.zip",
            "target": "central-native.exe",
            "forceDownload": true
        }
    ],
    "shortcut": {
        "company": "BidFX",
        "description": "BidFX Central",
        "icon": "http://localhost:3000/favicon.ico",
        "name": "BidFX Central"
    },
    "dialogSettings": {
        "logo": "http://localhost:3000/openfin/installLogo.png",
        "bgColor": 4281743680,
        "textColor": 4294967295,
        "progressBarBgColor": 4292401368,
        "progressBarFillColor": 4279677439,
        "progressBarBorderColor": 4281743680
    }
}
